{
  "amazon": {
    "title": "Amazon Brand Growth & Private \n Label Solutions",
    "subtitle": "Full-Service Amazon Agency",
    "description": "We help brands launch, grow, and scale on Amazon—handling everything end-to-end so you can focus on growth.",
    "sub_services": "Our Complete Amazon Services",
    "services": [
      {
        "category": "Business Setup & Compliance",
        "category_description": "Ensure your business is legally compliant and ready for smooth operations.",
        "items": [
          "LLC & Trademark registration",
          "Amazon Seller Account setup (Individual & LLC)",
          "Brand Registry & compliance management"
        ],
        "icon": "<svg xmlns='http://www.w3.org/2000/svg' height='38px' viewBox='0 -960 960 960' width='38px' fill='#f57852'><path d='M686-132 444-376q-20 8-40.5 12t-43.5 4q-100 0-170-70t-70-170q0-36 10-68.5t28-61.5l146 146 72-72-146-146q29-18 61.5-28t68.5-10q100 0 170 70t70 170q0 23-4 43.5T584-516l244 242q12 12 12 29t-12 29l-84 84q-12 12-29 12t-29-12Zm29-85 27-27-256-256q18-20 26-46.5t8-53.5q0-60-38.5-104.5T386-758l74 74q12 12 12 28t-12 28L332-500q-12 12-28 12t-28-12l-74-74q9 57 53.5 95.5T360-440q26 0 52-8t47-25l256 256ZM472-488Z'/></svg>"
      },
      {
        "category": "Product Research & Sourcing",
        "category_description": "Identify profitable products and reliable suppliers for maximum ROI.",
        "items": [
          "Data-driven product research & validation",
          "Profitability & competitor analysis",
          "Sourcing & supplier negotiations"
        ],
        "icon": "<svg xmlns='http://www.w3.org/2000/svg' height='38px' viewBox='0 -960 960 960' width='38px' fill='#f57852'><path d='M630-160H160q-33 0-56.5-23.5T80-240v-480q0-33 23.5-56.5T160-800h640q33 0 56.5 23.5T880-720v480q0 33-23.5 56.5T800-160h-56L556-348q-21 14-45.5 21t-50.5 7q-75 0-127.5-52.5T280-500q0-75 52.5-127.5T460-680q75 0 127.5 52.5T640-500q0 27-7 51t-21 45l164 164h24v-480H160v480h390l80 80ZM460-400q42 0 71-29t29-71q0-42-29-71t-71-29q-42 0-71 29t-29 71q0 42 29 71t71 29ZM160-240v-480 480Z'/></svg>"
      },
      {
        "category": "Catalog & Listing Optimization",
        "category_description": "Optimize your listings for maximum organic traffic and conversions.",
        "items": [
          "Catalog setup with variations",
          "SEO-optimized titles, bullets & descriptions",
          "Backend keyword indexing"
        ],
        "icon": "<svg xmlns='http://www.w3.org/2000/svg' height='38px' viewBox='0 -960 960 960' width='38px' fill='#f57852'><path d='M132-120q-24 0-42-18t-18-42v-600q0-24 18-42t42-18h696q24 0 42 18t18 42v600q0 24-18 42t-42 18H132Zm0-60h696v-600H132v600Zm68-100h200v-80H200v80Zm382-80 198-198-57-57-141 142-57-57-56 57 113 113Zm-382-80h200v-80H200v80Zm0-160h200v-80H200v80Zm-68 420v-600 600Z'/></svg>"
      },
      {
        "category": "Brand Content & Creative Design",
        "category_description": "Craft compelling visuals and content that strengthen your brand identity.",
        "items": [
          "A+ Content / EBC creation",
          "Amazon Storefront design",
          "High-quality infographics, lifestyle images & video"
        ],
        "icon": "<svg xmlns='http://www.w3.org/2000/svg' height='38px' viewBox='0 -960 960 960' width='38px' fill='#f57852'><path d='M478.72-62.8q-86.17 0-161.83-33-75.65-33-133.01-89.86-57.36-56.86-89.86-133.03t-32.5-161.36q0-88.19 33.11-164.26 33.11-76.06 91.24-132.23 58.13-56.18 135.31-88.54 77.19-32.35 166.1-32.35 82.92 0 157.51 27.98 74.59 27.99 131.14 77.62 56.55 49.63 90.17 117.92 33.62 68.29 33.62 147.95 0 115.81-68.85 181.84t-177.28 66.03h-62.52q-16.48 0-28.36 12.61-11.88 12.6-11.88 28.77 0 24.34 11.64 38.26 11.64 13.93 11.64 38.97 0 40.96-27.17 68.82-27.17 27.86-68.22 27.86ZM480-480Zm-233.53 30.33q21.4 0 37.8-16.03t16.4-38.31q0-22.27-16.45-38.29-16.46-16.03-37.63-16.03-22.52 0-38.43 16.03-15.9 16.03-15.9 38.31 0 22.27 15.9 38.29 15.91 16.03 38.31 16.03Zm125.56-169.85q21.64 0 38.05-15.9 16.4-15.91 16.4-38.31 0-22.64-16.4-38.42-16.41-15.78-37.81-15.78-22.64 0-38.42 15.83-15.78 15.84-15.78 38.13 0 22.64 15.83 38.55 15.84 15.9 38.13 15.9Zm213.25 0q21.52 0 37.93-15.9 16.4-15.91 16.4-38.31 0-22.64-16.46-38.42-16.46-15.78-37.63-15.78-22.76 0-38.54 15.83-15.78 15.84-15.78 38.13 0 22.64 15.78 38.55 15.78 15.9 38.3 15.9Zm130.85 169.85q21.52 0 37.92-16.03 16.41-16.03 16.41-38.31 0-22.27-16.41-38.29-16.4-16.03-37.8-16.03-22.64 0-38.42 16.03-15.79 16.03-15.79 38.31 0 22.27 15.84 38.29 15.84 16.03 38.25 16.03ZM476.48-140.11q9.74 0 15.03-3.77 5.29-3.77 5.29-14.41 0-13.86-14.62-24.56-14.61-10.7-14.61-51.11 0-48.21 30.63-84.82 30.63-36.61 78.18-36.61h77.21q73 0 120.79-42.72 47.79-42.72 47.79-126.41 0-134.39-101.45-214.88-101.46-80.49-233.34-80.49-146.57 0-247.56 98.7-100.99 98.69-100.99 241.25 0 141.74 98.27 240.79 98.27 99.04 239.38 99.04Z'/></svg>"
      },
      {
        "category": "SEO & Organic Growth",
        "category_description": "Boost visibility and drive long-term organic growth through smart SEO strategies.",
        "items": [
          "Advanced keyword research",
          "Ranking optimization strategies",
          "Ongoing listing performance improvements"
        ],
        "icon": "<svg xmlns='http://www.w3.org/2000/svg' height='38px' viewBox='0 -960 960 960' width='38px' fill='#f57852'><path d='M320-414v-306h120v306l-60-56-60 56Zm200 60v-526h120v406L520-354ZM120-216v-344h120v224L120-216Zm0 98 258-258 142 122 224-224h-64v-80h200v200h-80v-64L524-146 382-268 232-118H120Z'/></svg>"
      },
      {
        "category": "PPC & Advertising Management",
        "category_description": "Maximize ad performance and ROI with targeted campaigns.",
        "items": [
          "Sponsored Products, Brands & Display campaigns",
          "Advanced targeting & negative keyword strategies",
          "Daily campaign optimization for maximum ROI"
        ],
        "icon": "<svg xmlns='http://www.w3.org/2000/svg' height='38px' viewBox='0 -960 960 960' width='38px' fill='#f57852'><path d='M468-240q-96-5-162-74t-66-166q0-100 70-170t170-70q97 0 166 66t74 162l-84-25q-13-54-56-88.5T480-640q-66 0-113 47t-47 113q0 57 34.5 100t88.5 56l25 84Zm48 158q-9 2-18 2h-18q-83 0-156-31.5T197-197q-54-54-85.5-127T80-480q0-83 31.5-156T197-763q54-54 127-85.5T480-880q83 0 156 31.5T763-763q54 54 85.5 127T880-480v18q0 9-2 18l-78-24v-12q0-134-93-227t-227-93q-134 0-227 93t-93 227q0 134 93 227t227 93h12l24 78Zm305 22L650-231 600-80 480-480l400 120-151 50 171 171-79 79Z'/></svg>"
      },
      {
        "category": "Product Launch & Ranking",
        "category_description": "Strategically launch products to achieve top rankings quickly.",
        "items": [
          "Complete launch roadmaps",
          "Review generation strategies",
          "Organic ranking campaigns"
        ],
        "icon": "<svg xmlns='http://www.w3.org/2000/svg' height='38px' viewBox='0 -960 960 960' width='38px' fill='#f57852'><path d='m226-559 78 33q14-28 29-54t33-52l-56-11-84 84Zm142 83 114 113q42-16 90-49t90-75q70-70 109.5-155.5T806-800q-72-5-158 34.5T492-656q-42 42-75 90t-49 90Zm178-65q-23-23-23-56.5t23-56.5q23-23 57-23t57 23q23 23 23 56.5T660-541q-23 23-57 23t-57-23Zm19 321 84-84-11-56q-26 18-52 32.5T532-299l33 79Zm313-653q19 121-23.5 235.5T708-419l20 99q4 20-2 39t-20 33L538-80l-84-197-171-171-197-84 167-168q14-14 33.5-20t39.5-2l99 20q104-104 218-147t235-24ZM157-321q35-35 85.5-35.5T328-322q35 35 34.5 85.5T327-151q-25 25-83.5 43T82-76q14-103 32-161.5t43-83.5Zm57 56q-10 10-20 36.5T180-175q27-4 53.5-13.5T270-208q12-12 13-29t-11-29q-12-12-29-11.5T214-265Z'/></svg>"
      },
      {
        "category": "Inventory & Operations Management",
        "category_description": "Streamline inventory and operations for efficiency and cost savings.",
        "items": [
          "Demand forecasting & restock planning",
          "FBA/FBM inventory management",
          "Cost optimization & logistics support"
        ],
        "icon": "<svg xmlns='http://www.w3.org/2000/svg' height='38px' viewBox='0 -960 960 960' width='38px' fill='#f57852'><path d='M620-163 450-333l56-56 114 114 226-226 56 56-282 282Zm220-397h-80v-200h-80v120H280v-120h-80v560h240v80H200q-33 0-56.5-23.5T120-200v-560q0-33 23.5-56.5T200-840h167q11-35 43-57.5t70-22.5q40 0 71.5 22.5T594-840h166q33 0 56.5 23.5T840-760v200ZM480-760q17 0 28.5-11.5T520-800q0-17-11.5-28.5T480-840q-17 0-28.5 11.5T440-800q0 17 11.5 28.5T480-760Z'/></svg>"
      },
      {
        "category": "Account Growth & Expansion",
        "category_description": "Scale your account and expand into new markets confidently.",
        "items": [
          "Account health monitoring & appeals",
          "Performance analytics & reporting",
          "Expansion into EU, UK, and global marketplaces"
        ],
        "icon": "<svg xmlns='http://www.w3.org/2000/svg' height='38px' viewBox='0 -960 960 960' width='38px' fill='#f57852'><path d='M155.34-113.28q-52.97 0-89.79-36.86-36.81-36.85-36.81-89.8 0-52.95 36.87-90.37 36.87-37.41 89.85-37.41 10.81 0 20.8 2 10 2 19.71 4.52l156.44-214.58q-18.79-21.29-28.96-48.25-10.17-26.97-10.17-55.9 0-70.04 48.53-118.91 48.54-48.88 118.1-48.88 69.57 0 118.69 48.88 49.12 48.87 49.12 118.91 0 28.85-10.56 55.78-10.55 26.93-28.33 48.37L765.08-360.2q8.66-3.52 18.96-5.52 10.3-2 20.09-2 53.56 0 90.85 37.16 37.28 37.17 37.28 90.56 0 52.98-37.16 89.85t-90.56 36.87q-52.97 0-89.84-36.87-36.87-36.87-36.87-89.85 0-21.85 6.64-39.95 6.64-18.09 18.4-35.03L547.91-527.76q-7.23 4.17-14.39 5.64-7.15 1.47-14.37 4.06v157.3q38.52 12.48 63.55 45.35 25.02 32.87 25.02 75.2 0 53.07-37.16 90-37.17 36.93-90.56 36.93-52.98 0-89.85-36.87T353.28-240q0-42.84 24.29-75.68 24.28-32.84 64.28-45.08v-157.3q-8.22-2.59-15.37-4.06-7.16-1.47-13.39-5.64L257.13-314.57q11.52 15.53 18.9 34.25 7.38 18.71 7.38 40.32 0 52.98-37.33 89.85-37.34 36.87-90.74 36.87Zm1.07-74.44q22.62 0 37.95-15.04Q209.7-217.8 209.7-240q0-22.62-15.34-37.95-15.34-15.33-37.96-15.33-22.63 0-37.45 15.33-14.82 15.34-14.82 37.97t15.04 37.44q15.05 14.82 37.24 14.82ZM480-680Zm0 492.28q22.62 0 37.95-15.04 15.33-15.04 15.33-37.24 0-22.62-15.33-37.95-15.34-15.33-37.97-15.33t-37.44 15.33q-14.82 15.34-14.82 37.97t15.04 37.44q15.04 14.82 37.24 14.82Zm324.43 0q22.73 0 38.07-15.04 15.33-15.04 15.33-37.24 0-22.62-15.34-37.95-15.34-15.33-38.08-15.33-22.75 0-37.45 15.33-14.7 15.34-14.7 37.97t14.93 37.44q14.92 14.82 37.24 14.82ZM156.41-240ZM480-240Zm324.54 0ZM479.95-587.96q38.07 0 65.58-26.72 27.51-26.73 27.51-65.27 0-38.07-27.46-65.58-27.46-27.51-65.53-27.51t-65.08 27.46q-27.01 27.46-27.01 65.53t26.72 65.08q26.73 27.01 65.27 27.01Z'/></svg>"
      }
    ],
    "drivers_title": "The 4 Core Drivers of Amazon Success",
    "category_description": "",
    "drivers": [
      {
        "title": "Product Catalog Management",
        "description": "Keeps your business foundation strong with accurate, optimized listings.",
        "icon": "<svg xmlns='http://www.w3.org/2000/svg' height='48px' viewBox='0 -960 960 960' width='48px' fill='#f57852'><path d='M280-80q-33 0-56.5-23.5T200-160q0-33 23.5-56.5T280-240q33 0 56.5 23.5T360-160q0 33-23.5 56.5T280-80Zm400 0q-33 0-56.5-23.5T600-160q0-33 23.5-56.5T680-240q33 0 56.5 23.5T760-160q0 33-23.5 56.5T680-80ZM246-720l96 200h280l110-200H246Zm-38-80h590q23 0 35 20.5t1 41.5L692-482q-11 20-29.5 31T622-440H324l-44 80h480v80H280q-45 0-68-39.5t-2-78.5l54-98-144-304H40v-80h130l38 80Zm134 280h280-280Z'/></svg>"
      },
      {
        "title": "Design & Brand Experience",
        "description": "Builds trust and increases conversions through premium visuals.",
        "icon": "<svg xmlns='http://www.w3.org/2000/svg' height='48px' viewBox='0 -960 960 960' width='48px' fill='#f57852'><path d='m352-522 86-87-56-57-44 44-56-56 43-44-45-45-87 87 159 158Zm328 329 87-87-45-45-44 43-56-56 43-44-57-56-86 86 158 159Zm24-567 57 57-57-57ZM290-120H120v-170l175-175L80-680l200-200 216 216 151-152q12-12 27-18t31-6q16 0 31 6t27 18l53 54q12 12 18 27t6 31q0 16-6 30.5T816-647L665-495l215 215L680-80 465-295 290-120Zm-90-80h56l392-391-57-57-391 392v56Zm420-419-29-29 57 57-28-28Z'/></svg>"
      },
      {
        "title": "SEO Optimization",
        "description": "Ensures long-term visibility with better rankings and organic traffic.",
        "icon": "<svg xmlns='http://www.w3.org/2000/svg' height='48px' viewBox='0 -960 960 960' width='48px' fill='#f57852'><path d='M80-480v-80h120v80H80Zm136 222-56-58 84-84 58 56-86 86Zm28-382-84-84 56-58 86 86-58 56Zm476 480L530-350l-50 150-120-400 400 120-148 52 188 188-80 80ZM400-720v-120h80v120h-80Zm236 80-58-56 86-86 56 56-84 86Z'/></svg>"
      },
      {
        "title": "PPC Advertising & Growth",
        "description": "Drives sales momentum and boosts product ranking through paid ads.",
        "icon": "<svg xmlns='http://www.w3.org/2000/svg' height='48px' viewBox='0 -960 960 960' width='48px' fill='#f57852'><path d='m82-120 258-360h202l298-348v708H82Zm70-233-64-46 172-241h202l188-219 60 52-212 247H300L152-353Zm86 153h522v-412L578-400H380L238-200Zm522 0Z'/></svg>"
      }
    ]
  },
  "digital-marketing": {
    "title": "Digital Marketing Solutions",
    "subtitle": "Data-Driven Growth Agency",
    "description": "We craft and manage performance-driven marketing campaigns across Meta, TikTok, and other platforms to maximize ROI.",
    "sub_services": "Our Complete Digital Marketing Services",
    "services": [
      {
        "category": "Meta Ads — Our Way of Work",
        "category_description": "Structured, data-driven campaigns designed for full-funnel Meta advertising success.",
        "items": [
          "Goal Alignment & Research",
          "Setup & Infrastructure",
          "Creative & Campaign Build",
          "Launch & Optimization",
          "Growth & Governance"
        ],
        "icon": "<i class='fa-brands fa-meta service-icon'></i>"
      },
      {
        "category": "TikTok Ads — Our Way of Work",
        "category_description": "Creative-first TikTok campaigns built for native engagement, fast iteration, and scalable growth.",
        "items": [
          "Goal Alignment & Research",
          "Setup & Infrastructure",
          "Creative & Campaign Build",
          "Launch & Optimization",
          "Growth & Governance"
        ],
        "icon": "<i class='fa-brands fa-tiktok service-icon'></i>"
      }
    ],
    "drivers_title": "4 Rules Behind Our Campaign Success",
    "drivers": [
      {
        "title": "Creative-First Approach",
        "description": "We prioritize native, engaging creatives with strong hooks and platform-appropriate storytelling to capture attention quickly.",
        "icon": "<svg xmlns='http://www.w3.org/2000/svg' height='38px' viewBox='0 -960 960 960' width='38px' fill='#f57852'><path d='m280-80 160-300-320-40 480-460h80L520-580l320 40L360-80h-80Zm222-247 161-154-269-34 63-117-160 154 268 33-63 118Zm-22-153Z'/></svg>"

      },
      {
        "title": "Data-Driven Decisions",
        "description": "Every move is guided by performance metrics such as CPA, ROAS, and CTR, ensuring resources are invested in what works.",
        "icon": "<svg xmlns='http://www.w3.org/2000/svg' height='40px' viewBox='0 -960 960 960' width='40px' fill='#f57852'><path d='m358-488-97-96 42-42 54 54 100-100 42 42-141 142Zm434 367.33L532.67-380q-30 25.33-69.64 39.67Q423.39-326 378.67-326q-108.44 0-183.56-75.17Q120-476.33 120-583.33t75.17-182.17q75.16-75.17 182.5-75.17 107.33 0 182.16 75.17 74.84 75.17 74.84 182.27 0 43.23-14 82.9-14 39.66-40.67 73l260 258.66-48 48Zm-414-272q79.17 0 134.58-55.83Q568-504.33 568-583.33q0-79-55.42-134.84Q457.17-774 378-774q-79.72 0-135.53 55.83-55.8 55.84-55.8 134.84t55.8 134.83q55.81 55.83 135.53 55.83Z'/></svg>"


      },
      {
        "title": "Structured Testing",
        "description": "Systematic testing of audiences, creatives, and offers provides reliable learnings that fuel consistent campaign improvement.",
        "icon": "<svg xmlns='http://www.w3.org/2000/svg' height='38px' viewBox='0 -960 960 960' width='38px' fill='#f57852'><path d='M360-600v-80h360v80H360Zm0 120v-80h360v80H360Zm120 320H200h280Zm0 80H240q-50 0-85-35t-35-85v-120h120v-560h600v361q-20-2-40.5 1.5T760-505v-295H320v480h240l-80 80H200v40q0 17 11.5 28.5T240-160h240v80Zm80 0v-123l221-220q9-9 20-13t22-4q12 0 23 4.5t20 13.5l37 37q8 9 12.5 20t4.5 22q0 11-4 22.5T903-300L683-80H560Zm300-263-37-37 37 37ZM620-140h38l121-122-18-19-19-18-122 121v38Zm141-141-19-18 37 37-18-19Z'/></svg>"

      },
      {
        "title": "Full-Funnel Strategy",
        "description": "Ads are designed as part of a complete funnel — from prospecting to loyalty — maximizing both short-term conversions and long-term value.",
        "icon": "<svg xmlns='http://www.w3.org/2000/svg' height='38px' viewBox='0 -960 960 960' width='38px' fill='#f57852'><path d='M220-520 80-600v-160l140-80 140 80v160l-140 80Zm0-92 60-34v-68l-60-34-60 34v68l60 34Zm440 123v-93l140 82v280L560-80 320-220v-280l140-82v93l-60 35v188l160 93 160-93v-188l-60-35Zm-140 89v-480h360l-80 120 80 120H600v240h-80Zm40 69ZM220-680Z'/></svg>"
      }
    ]
  },
  "tiktok": {
    "title": "E-Commerce Growth & TikTok Shop Solutions",
    "subtitle": "Full-Service E-Commerce Agency",
    "description": "We help brands thrive on TikTok Shop (UK & USA) and beyond—offering end-to-end e-commerce expertise from product discovery to private-label scaling for sustainable, profitable growth.",
    "sub_services": "Our Core Expertise",
    "services": [
      {
        "category": "Product Research & Validation",
        "items": [
          "Identify winning products using TikTok Creative Center, AdSpy, Echotik, Kalodata, and Minea",
          "Validate through dropshipping and market testing",
          "Ensure demand and profitability before scaling"
        ],
        "icon": "<svg xmlns='http://www.w3.org/2000/svg' height='38px' viewBox='0 -960 960 960' width='38px' fill='#f57852'><path d='M824-80 716-188q-22 13-46 20.5t-50 7.5q-75 0-127.5-52.5T440-340q0-75 52.5-127.5T620-520q75 0 127.5 52.5T800-340q0 26-7.5 50T772-244l108 108-56 56ZM620-240q42 0 71-29t29-71q0-42-29-71t-71-29q-42 0-71 29t-29 71q0 42 29 71t71 29Zm220-320h-80v-200h-80v120H280v-120h-80v560h200v80H200q-33 0-56.5-23.5T120-200v-560q0-33 23.5-56.5T200-840h167q11-35 43-57.5t70-22.5q40 0 71.5 22.5T594-840h166q33 0 56.5 23.5T840-760v200ZM480-760q17 0 28.5-11.5T520-800q0-17-11.5-28.5T480-840q-17 0-28.5 11.5T440-800q0 17 11.5 28.5T480-760Z'/></svg>"
      },
      {
        "category": "Global Sourcing & Brand Development",
        "items": [
          "Partner with trusted Chinese manufacturers for quality and pricing",
          "Streamline logistics for faster delivery",
          "Transform products into private-label brands with custom packaging & branding"
        ],
        "icon": "<svg xmlns='http://www.w3.org/2000/svg' height='38px' viewBox='0 -960 960 960' width='38px' fill='#f57852'><path d='M480-80q-83 0-156-31.5T197-197q-54-54-85.5-127T80-480q0-83 31.5-156T197-763q54-54 127-85.5T480-880q83 0 156 31.5T763-763q54 54 85.5 127T880-480q0 83-31.5 156T763-197q-54 54-127 85.5T480-80Zm-40-82v-78q-33 0-56.5-23.5T360-320v-40L168-552q-3 18-5.5 36t-2.5 36q0 121 79.5 212T440-162Zm276-102q41-45 62.5-100.5T800-480q0-98-54.5-179T600-776v16q0 33-23.5 56.5T520-680h-80v80q0 17-11.5 28.5T400-560h-80v80h240q17 0 28.5 11.5T600-440v120h40q26 0 47 15.5t29 40.5Z'/></svg>"
      },
      {
        "category": "TikTok Affiliate Marketing",
        "items": [
          "Recruit and manage influencers & creators",
          "Set up commission structures and track performance",
          "Drive organic promotions for visibility and sales growth"
        ],
        "icon": "<svg xmlns='http://www.w3.org/2000/svg' height='38px' viewBox='0 -960 960 960' width='38px' fill='#f57852'><path d='M40-160v-112q0-34 17.5-62.5T104-378q62-31 126-46.5T360-440q66 0 130 15.5T616-378q29 15 46.5 43.5T680-272v112H40Zm720 0v-120q0-44-24.5-84.5T666-434q51 6 96 20.5t84 35.5q36 20 55 44.5t19 53.5v120H760ZM360-480q-66 0-113-47t-47-113q0-66 47-113t113-47q66 0 113 47t47 113q0 66-47 113t-113 47Zm400-160q0 66-47 113t-113 47q-11 0-28-2.5t-28-5.5q27-32 41.5-71t14.5-81q0-42-14.5-81T544-792q14-5 28-6.5t28-1.5q66 0 113 47t47 113ZM120-240h480v-32q0-11-5.5-20T580-306q-54-27-109-40.5T360-360q-56 0-111 13.5T140-306q-9 5-14.5 14t-5.5 20v32Zm240-320q33 0 56.5-23.5T440-640q0-33-23.5-56.5T360-720q-33 0-56.5 23.5T280-640q0 33 23.5 56.5T360-560Zm0 320Zm0-400Z'/></svg>"
      },
      {
        "category": "TikTok GMV Max Ads",
        "items": [
          "Run data-backed test campaigns",
          "Scale high-performing ads into major revenue drivers",
          "Build long-term brand recognition and customer value"
        ],
        "icon": "<svg xmlns='http://www.w3.org/2000/svg' height='38px' viewBox='0 -960 960 960' width='38px' fill='#f57852'><path d='m136-240-56-56 296-298 160 160 208-206H640v-80h240v240h-80v-104L536-320 376-480 136-240Z'/></svg>"
      }
    ],
    "drivers_title": "Benefits for Your Brand",
    "drivers": [
      {
        "title": "Validate Before You Scale",
        "description": "Reduce risks by testing products before heavy investments.",
        "icon": "<svg xmlns='http://www.w3.org/2000/svg' height='38px' viewBox='0 -960 960 960' width='38px' fill='#f57852'><path d='M496-480ZM80-160l240-320L80-800h520q19 0 36 8.5t28 23.5l216 288-5 7q-27-18-58.5-29.5T751-518L600-720H240l180 240-180 240h200q0 21 3 41t9 39H80Zm611 10 139-138-42-42-97 95-39-39-42 43 81 81Zm29 110q-83 0-141.5-58.5T520-240q0-83 58.5-141.5T720-440q83 0 141.5 58.5T920-240q0 83-58.5 141.5T720-40Z'/></svg>"
      },
      {
        "title": "Build Strong Brands",
        "description": "Transition winning products into sustainable private-label businesses.",
        "icon": "<svg xmlns='http://www.w3.org/2000/svg' height='38px' viewBox='0 -960 960 960' width='38px' fill='#f57852'><path d='M640-440v-80h160v80H640Zm48 280-128-96 48-64 128 96-48 64Zm-80-480-48-64 128-96 48 64-128 96ZM120-360v-240h160l200-200v640L280-360H120Zm280-246-86 86H200v80h114l86 86v-252ZM300-480Z'/></svg>"
      },
      {
        "title": "Maximize ROI",
        "description": "Use data-driven campaigns for profitability and long-term growth.",
        "icon": "<svg xmlns='http://www.w3.org/2000/svg' height='38px' viewBox='0 -960 960 960' width='38px' fill='#f57852'><path d='m136-240-56-56 212-212q35-35 85-35t85 35l46 46q12 12 28.5 12t28.5-12l178-178H640v-80h240v240h-80v-103L621-405q-35 35-85 35t-85-35l-47-47q-11-11-28-11t-28 11L136-240Z'/></svg>"
      },
      {
        "title": "Fast Market Entry",
        "description": "Leverage dropshipping to enter markets quickly before scaling.",
        "icon": "<svg xmlns='http://www.w3.org/2000/svg' height='38px' viewBox='0 -960 960 960' width='38px' fill='#f57852'><path d='m280-80 160-300-320-40 480-460h80L520-580l320 40L360-80h-80Zm222-247 161-154-269-34 63-117-160 154 268 33-63 118Zm-22-153Z'/></svg>"
      }
    ],
    "why_us": [
      "4+ years of e-commerce expertise across multiple platforms",
      "Proven success in TikTok Shop (UK & USA)",
      "Strong network of suppliers, influencers, and logistics partners",
      "Focus on long-term profitability, not just short-term wins",
      "End-to-end solutions: Research → Sourcing → Branding → Marketing"
    ],
    "cta": {
      "title": "Ready to Scale Your TikTok Shop Brand?",
      "description": "At Meticon Solutions, we don’t just run ads — we build e-commerce growth systems that turn products into sustainable brands. Whether you want to test a product, scale a winner, or establish a private-label brand, we’re here to make it happen.",
      "note": "Start building your TikTok Shop success story with us today."
    }
  },
  "ecommerce": {
  "title": "High-Converting Shopify Store Solutions",
  "subtitle": "End-to-End Shopify Growth & Branding",
  "description": "At Meticon Solutions, we specialize in building high-converting Shopify stores tailored for modern e-commerce success. With 4+ years of experience, we combine data-driven strategies, sleek design, and seamless functionality to help brands launch, grow, and scale on Shopify.",
  "sub_services": "Our Core Expertise",
  "services": [
    {
      "category": "Product Research & Validation",
      "items": [
        "Analyze market trends, competitors, and customer demand",
        "Validate products with data-driven insights before launch",
        "Position winning products for maximum success in Shopify"
      ],
      "icon": "<svg xmlns='http://www.w3.org/2000/svg' height='38px' viewBox='0 -960 960 960' width='38px' fill='#f57852'><path d='M824-80 716-188q-22 13-46 20.5t-50 7.5q-75 0-127.5-52.5T440-340q0-75 52.5-127.5T620-520q75 0 127.5 52.5T800-340q0 26-7.5 50T772-244l108 108-56 56ZM620-240q42 0 71-29t29-71q0-42-29-71t-71-29q-42 0-71 29t-29 71q0 42 29 71t71 29Zm220-320h-80v-200h-80v120H280v-120h-80v560h200v80H200q-33 0-56.5-23.5T120-200v-560q0-33 23.5-56.5T200-840h167q11-35 43-57.5t70-22.5q40 0 71.5 22.5T594-840h166q33 0 56.5 23.5T840-760v200ZM480-760q17 0 28.5-11.5T520-800q0-17-11.5-28.5T480-840q-17 0-28.5 11.5T440-800q0 17 11.5 28.5T480-760Z'/></svg>"
    },
    {
      "category": "Store Design & Development",
      "items": [
        "Design visually stunning, conversion-optimized Shopify stores",
        "Develop custom themes aligned with your brand identity",
        "Ensure responsive, mobile-first, and user-friendly experiences"
      ],
      "icon": "<svg xmlns='http://www.w3.org/2000/svg' height='38px' viewBox='0 -960 960 960' width='38px' fill='#f57852'><path d='M200-120v-720h560v720H200Zm160-80h240v-160H360v160Zm0-240h240v-160H360v160Z'/></svg>"
    },
    {
      "category": "Global Sourcing & Logistics",
      "items": [
        "Connect with reliable global manufacturers and suppliers",
        "Ensure product quality, competitive pricing, and cost efficiency",
        "Assist in transitioning from dropshipping to private-label branding with custom packaging"
      ],
      "icon": "<svg xmlns='http://www.w3.org/2000/svg' height='38px' viewBox='0 -960 960 960' width='38px' fill='#f57852'><path d='M480-80q-83 0-156-31.5T197-197q-54-54-85.5-127T80-480q0-83 31.5-156T197-763q54-54 127-85.5T480-880q83 0 156 31.5T763-763q54 54 85.5 127T880-480q0 83-31.5 156T763-197q-54 54-127 85.5T480-80Z'/></svg>"
    },
    {
      "category": "Marketing & Sales Optimization",
      "items": [
        "Implement high-ROI marketing funnels and ad campaigns",
        "Run TikTok, Meta, and email campaigns for traffic and conversions",
        "Build customer trust and nurture repeat buyers"
      ],
      "icon": "<svg xmlns='http://www.w3.org/2000/svg' height='38px' viewBox='0 -960 960 960' width='38px' fill='#f57852'><path d='m136-240-56-56 296-298 160 160 208-206H640v-80h240v240h-80v-104L536-320 376-480 136-240Z'/></svg>"
    }
  ],
  "drivers_title": "Benefits for Your Brand",
  "drivers": [
    {
      "title": "Faster Launches",
      "description": "Get your Shopify store live quickly with optimized products and designs.",
      "icon": "<svg xmlns='http://www.w3.org/2000/svg' height='38px' viewBox='0 -960 960 960' width='38px' fill='#f57852'><path d='M496-480ZM80-160l240-320L80-800h520q19 0 36 8.5t28 23.5l216 288-5 7q-27-18-58.5-29.5T751-518L600-720H240l180 240-180 240h200q0 21 3 41t9 39H80Z'/></svg>"
    },
    {
      "title": "Conversion-Focused Stores",
      "description": "Every design element is optimized to maximize sales and customer trust.",
      "icon": "<svg xmlns='http://www.w3.org/2000/svg' height='38px' viewBox='0 -960 960 960' width='38px' fill='#f57852'><path d='M640-440v-80h160v80H640Zm48 280-128-96 48-64 128 96-48 64Zm-80-480-48-64 128-96 48 64-128 96ZM120-360v-240h160l200-200v640L280-360H120Z'/></svg>"
    },
    {
      "title": "Scalable Growth",
      "description": "Easily transition from product testing to long-term brand building.",
      "icon": "<svg xmlns='http://www.w3.org/2000/svg' height='38px' viewBox='0 -960 960 960' width='38px' fill='#f57852'><path d='m136-240-56-56 212-212q35-35 85-35t85 35l46 46q12 12 28.5 12t28.5-12l178-178H640v-80h240v240h-80v-103L621-405q-35 35-85 35t-85-35l-47-47q-11-11-28-11t-28 11L136-240Z'/></svg>"
    },
    {
      "title": "Seamless Operations",
      "description": "From sourcing to fulfillment, we simplify backend operations for smooth growth.",
      "icon": "<svg xmlns='http://www.w3.org/2000/svg' height='38px' viewBox='0 -960 960 960' width='38px' fill='#f57852'><path d='m280-80 160-300-320-40 480-460h80L520-580l320 40L360-80h-80Z'/></svg>"
    }
  ],
  "why_us": [
    "4+ years of Shopify and e-commerce expertise",
    "Hands-on experience scaling from dropshipping to private label",
    "Proven record of high-ROI Shopify stores",
    "Research → Design → Sourcing → Marketing → Sales",
    "Focus on long-term brand success, not just short-term sales"
  ],
  "cta": {
    "title": "Ready to Launch or Scale Your Shopify Store?",
    "description": "At Meticon Solutions, we don’t just create online stores — we build sustainable e-commerce ecosystems. Whether you’re launching your first Shopify store, rebranding an existing one, or scaling into private-label success, we have the expertise to make it happen.",
    "note": "🚀 Let’s build your Shopify growth story today."
  }
},
  "graphic-design": {
  "title": "Creative Graphic Design Solutions to Elevate Your Brand",
  "subtitle": "Professional Visual Design & Branding Services",
  "description": "At Meticon Solutions, we provide professional graphic design services that help businesses stand out, build strong brand identities, and create lasting impressions. Our client-first approach ensures visuals that not only look stunning but also drive business growth.",
  "sub_services": "Our Complete Graphic Design Services",
  "services": [
    {
      "category": "Branding & Identity",
      "items": [
        "Logo & brand identity design – build a memorable first impression.",
        "Color palette & typography aligned with your brand vision.",
        "Brand guidelines for consistent communication."
      ],
      "icon": "<svg xmlns='http://www.w3.org/2000/svg' width='40' height='40' viewBox='0 -960 960 960' fill='#f57852'><path d='M446.5-80q-12.5 0-25-4.83-12.5-4.84-22.5-14.5l-299.33-300q-10-9.34-14.84-21.84-4.83-12.5-4.83-25t4.7-25q4.71-12.5 14.97-22.5l366-366.33q9.2-9.17 21.74-14.58 12.54-5.42 25.92-5.42h300.34q27.5 0 47.08 19.58 19.58 19.59 19.58 47.09v299.66q0 13.4-5.33 25.53Q869.67-476 860.67-467l-367 367.67Q483.67-90 471.33-85 459-80 446.5-80Zm-1.17-65.33 368.34-370v-298h-300L146-445.33l299.33 300Zm265-510.67q22.34 0 38.5-16.17Q765-688.33 765-710.67q0-22.33-16.17-38.5-16.16-16.16-38.5-16.16-22.33 0-38.5 16.16-16.16 16.17-16.16 38.5 0 22.34 16.16 38.5Q688-656 710.33-656ZM480-479.33Z'/></svg>"
    },
    {
      "category": "Digital Design",
      "items": [
        "Social media graphics – engaging visuals to grow your online presence.",
        "Web banners & sliders that attract clicks.",
        "Email templates designed to boost conversions."
      ],
      "icon": "<svg xmlns='http://www.w3.org/2000/svg' width='40' height='40' viewBox='0 -960 960 960' fill='#f57852'><path d='M494-540ZM80-160v-66.67h414V-160H80Zm106.67-120q-27 0-46.84-19.83Q120-319.67 120-346.67v-386.66q0-27 19.83-46.84Q159.67-800 186.67-800h586.66q27 0 46.84 19.83Q840-760.33 840-733.33H186.67v386.66H494V-280H186.67Zm626.66 53.33V-600h-186v373.33h186ZM610.67-160q-20.34 0-35.17-14.83-14.83-14.84-14.83-35.17v-406.67q0-20.33 14.83-35.16 14.83-14.84 35.17-14.84H830q20.33 0 35.17 14.84Q880-637 880-616.67V-210q0 20.33-14.83 35.17Q850.33-160 830-160H610.67Zm110-340q12.33 0 21.16-9 8.84-9 8.84-21 0-12.33-8.84-21.17Q733-560 720.35-560q-11.68 0-20.68 8.83-9 8.84-9 21.49 0 11.68 9 20.68t21 9Zm0 86.67Z'/></svg>"

    },
    {
      "category": "Print & Packaging",
      "items": [
        "Business cards, brochures, flyers, and posters.",
        "Custom packaging design that tells your story.",
        "Marketing collateral to power campaigns."
      ],
      "icon": "<svg xmlns='http://www.w3.org/2000/svg' width='40' height='40' viewBox='0 -960 960 960' fill='#f57852'><path d='M386.67-555.33 480-602l93.33 46.67v-218H386.67v218ZM280-280v-80h200v80H280Zm-93.33 160q-27 0-46.84-19.83Q120-159.67 120-186.67v-586.66q0-27 19.83-46.84Q159.67-840 186.67-840h586.66q27 0 46.84 19.83Q840-800.33 840-773.33v586.66q0 27-19.83 46.84Q800.33-120 773.33-120H186.67Zm0-653.33v586.66-586.66Zm0 586.66h586.66v-586.66H640v326l-160-80-160 80v-326H186.67v586.66Z'/></svg>"
    },
    {
      "category": "Creative Content",
      "items": [
        "Infographics to simplify complex ideas.",
        "Custom illustrations for unique storytelling.",
        "Presentation design that leaves impact."
      ],
      "icon": "<svg xmlns='http://www.w3.org/2000/svg' width='40' height='40' viewBox='0 -960 960 960' fill='#f57852'><path d='M833.33-80 724-189.33q-21.33 15.66-46.33 22.5-25 6.83-51 6.83-72.23 0-122.78-50.58-50.56-50.58-50.56-122.83 0-72.26 50.58-122.76t122.84-50.5q72.25 0 122.75 50.56Q800-405.56 800-333.33q0 26-6.83 51.33-6.84 25.33-22.5 46L880-126.67 833.33-80ZM626.57-226.67q44.76 0 75.76-30.9 31-30.91 31-75.67 0-44.76-30.9-75.76-30.91-31-75.67-31Q582-440 551-409.09q-31 30.9-31 75.66t30.91 75.76q30.9 31 75.66 31ZM840-540h-66.67v-233.33h-66.66v100H253.33v-100h-66.66v586.66H420V-120H186.67q-28.34 0-47.5-19.17Q120-158.33 120-186.67v-586.66q0-28.34 19.17-47.5Q158.33-840 186.67-840H377q8.33-35 37.33-57.5T480-920q37.33 0 66.17 22.5Q575-875 583.33-840h190q28.34 0 47.5 19.17Q840-801.67 840-773.33V-540ZM480-773.33q17 0 28.5-11.5t11.5-28.5q0-17-11.5-28.5t-28.5-11.5q-17 0-28.5 11.5t-11.5 28.5q0 17 11.5 28.5t28.5 11.5Z'/></svg>"
    },
    {
      "category": "UI/UX Design",
      "items": [
        "Website & app interface design – intuitive & user-friendly.",
        "Modern layouts crafted for engagement.",
        "Responsive and scalable design systems."
      ],
      "icon": "<svg xmlns='http://www.w3.org/2000/svg' width='40' height='40' viewBox='0 -960 960 960' fill='#f57852'><path d='M355.33-516 444-605l-68.67-69-46.66 46.67L282-674l46.33-46.67-65-64.33-89 89 181 180Zm340 341.67 89-89.67-65-65-46.66 46.33L626-329.33 672.33-376 604-444l-88.67 88.67 180 181Zm13.34-599 65.66 65.66-65.66-65.66ZM280.67-120H120v-160.67l187.67-187.66L80-696l182.67-184L492-651.33l169-169.34q10-10 22.33-14.66 12.34-4.67 25-4.67 12.67 0 25 4.67 12.34 4.66 22.34 14.66l65 65.34q10 10 14.66 22.33 4.67 12.33 4.67 25t-4.67 24.83Q830.67-671 820.67-661l-169 169.33L880-263.33 696.67-80.67 469-308.33 280.67-120Zm-94-66.67H252l392.67-393L579-645.33 186.67-252v65.33ZM612-612.33l-33-33 65.67 65.66L612-612.33Z'/></svg>"
    }
  ],
  "why_us": [
    "Creative, experienced designers with diverse portfolios",
    "Affordable pricing without compromising quality",
    "Fast turnaround & responsive support",
    "Unlimited dedication until your brand gets the design it deserves"
  ],
  "tools_and_expertise": [
    "Adobe Photoshop",
    "Adobe Illustrator",
    "CorelDRAW",
    "Canva & Figma",
    "Other industry-standard tools for professional results"
  ],
  "exp_title": "Our Proven Experience",
  "our_experience": [
    {
    "icon": "🌍",
    "title": "Global Reach",
    "description": "Worked with <strong>50+ clients</strong> across 10+ countries, delivering designs that resonate globally."
  },
  {
    "icon": "🚀",
    "title": "100+ Projects",
    "description": "Successfully completed <strong>100+ projects</strong> for startups, e-commerce brands, and agencies."
  },
  {
    "icon": "🏆",
    "title": "Proven Impact",
    "description": "Our designs boosted <strong>engagement, conversions,</strong> and strengthened brand recall."
  },
  {
    "icon": "🤝",
    "title": "Trusted Partner",
    "description": "Building long-term collaborations with agencies and established businesses worldwide."
  }
  ],
  "cta": {
    "title": "Ready to Elevate Your Brand with Stunning Designs?",
    "description": "At Meticon Solutions, design is not just art — it’s strategy. Every visual we create is meant to inspire trust, communicate clearly, and drive business growth. Let’s craft designs that leave a lasting impression.",
    "note": "🎨 Let’s design your success story today."
  }
},
  "web_development": {
    "title": "Web Development Solutions",
    "subtitle": "Custom Websites & Scalable Platforms",
    "description": "We design and develop responsive, secure, and high-performing websites tailored to your business goals.",
    "sub_services": "Our Complete Web Development Services",
    "services": [
      {
        "category": "Frontend Development",
        "category_description": "Build sleek, responsive, and user-friendly interfaces.",
        "items": [
          "HTML, CSS & JavaScript development",
          "React, Angular & Vue frameworks",
          "Cross-browser compatibility",
          "Pixel-perfect UI/UX implementation"
        ],
        "icon": "💻"
      },
      {
        "category": "Backend Development",
        "category_description": "Power your site with robust server-side solutions.",
        "items": [
          "Node.js, Express & Django development",
          "Database design (MySQL, MongoDB, PostgreSQL)",
          "API development & integration",
          "Authentication & security implementation"
        ],
        "icon": "🖥️"
      },
      {
        "category": "E-Commerce Development",
        "category_description": "Launch and scale your online store with ease.",
        "items": [
          "Custom Shopify & WooCommerce solutions",
          "Product catalog & cart functionality",
          "Payment gateway integrations",
          "Order management & automation"
        ],
        "icon": "🛒"
      },
      {
        "category": "CMS Development",
        "category_description": "Easily manage and scale your content.",
        "items": [
          "WordPress, Drupal, and custom CMS",
          "Theme customization & plugin development",
          "Content migration & optimization",
          "Admin panel customization"
        ],
        "icon": "📑"
      },
      {
        "category": "Performance & SEO Optimization",
        "category_description": "Ensure fast, reliable, and search-friendly websites.",
        "items": [
          "Page speed optimization",
          "Core Web Vitals improvements",
          "On-page SEO best practices",
          "Image & asset compression"
        ],
        "icon": "⚡"
      },
      {
        "category": "Maintenance & Support",
        "category_description": "Keep your website secure and up-to-date.",
        "items": [
          "Regular updates & bug fixes",
          "Security monitoring & backups",
          "Performance audits",
          "Feature enhancements"
        ],
        "icon": "🔧"
      }
    ],
    "drivers_title": "The 4 Core Drivers of Web Success",
    "drivers": [
      {
        "title": "Responsive Design",
        "description": "Ensures a seamless experience across all devices and screen sizes.",
        "icon": "📱"
      },
      {
        "title": "Scalability",
        "description": "Websites that grow with your business and adapt to future needs.",
        "icon": "🚀"
      },
      {
        "title": "Security & Performance",
        "description": "Protects your users while delivering fast load times.",
        "icon": "🔒"
      },
      {
        "title": "User Experience",
        "description": "Drives engagement and conversions through intuitive design.",
        "icon": "🎯"
      }
    ]
  }
}
